{"playerMoney":15.0,"playerLevel":0.0,"playerXP":0.0,"playerClass":"Melee","playerHealth":29.0,"playerMovementSpeed":5.0,"playerDamage":47.0,"playerAttackSpeed":1.2999999523162842,"playerRange":1.0,"playerLuck":false,"playerProjectileCount":1.0,"playerMultiAttackCount":2.0,"playerShotPierceAmount":1.0,"playerElementalDamage":1.0,"playerAreaOfAffect":1.0,"playerShotChainAmount":1.0,"playerPosition":{"x":-33.47765350341797,"y":-6.520630836486816,"z":0.0},"keyLocation":{"x":0.0,"y":0.0,"z":0.0},"itemsOnGround":[{"name":"Meat","position":{"x":30.0,"y":0.0,"z":0.0}},{"name":"Gold Bar","position":{"x":28.0,"y":0.0,"z":0.0}},{"name":"steak","position":{"x":26.0,"y":0.0,"z":0.0}},{"name":"Broadsword","position":{"x":28.0,"y":28.0,"z":0.0}},{"name":"Heart","position":{"x":-34.13063049316406,"y":-6.868455410003662,"z":0.0}}],"breakables":[{"name":"spiderWeb","position":{"x":4.0,"y":4.400000095367432,"z":0.0}},{"name":"circlePot","position":{"x":-2.0,"y":-7.599999904632568,"z":0.0}},{"name":"spiderWeb","position":{"x":6.0,"y":1.399999976158142,"z":0.0}},{"name":"circlePot","position":{"x":34.0,"y":-3.5999999046325685,"z":0.0}},{"name":"circlePot","position":{"x":23.0,"y":1.399999976158142,"z":0.0}},{"name":"circlePot","position":{"x":29.0,"y":-3.5999999046325685,"z":0.0}},{"name":"circlePot","position":{"x":28.0,"y":8.399999618530274,"z":0.0}},{"name":"spiderWeb","position":{"x":-19.0,"y":0.4000000059604645,"z":0.0}},{"name":"spiderWeb","position":{"x":26.0,"y":24.399999618530275,"z":0.0}},{"name":"circlePot","position":{"x":28.0,"y":25.399999618530275,"z":0.0}},{"name":"circlePot","position":{"x":26.0,"y":25.399999618530275,"z":0.0}},{"name":"circlePot","position":{"x":27.0,"y":29.399999618530275,"z":0.0}},{"name":"spiderWeb","position":{"x":-31.0,"y":-35.599998474121097,"z":0.0}},{"name":"circlePot","position":{"x":-31.0,"y":-22.600000381469728,"z":0.0}},{"name":"spiderWeb","position":{"x":-37.0,"y":-29.600000381469728,"z":0.0}},{"name":"spiderWeb","position":{"x":-26.0,"y":-27.600000381469728,"z":0.0}},{"name":"circlePot","position":{"x":-22.0,"y":-15.600000381469727,"z":0.0}},{"name":"circlePot","position":{"x":-28.0,"y":-35.599998474121097,"z":0.0}}],"playerInventory":[],"floorMap":[{"x":0,"y":0},{"x":-1,"y":0},{"x":-2,"y":0},{"x":-3,"y":0},{"x":-4,"y":0},{"x":-5,"y":0},{"x":-6,"y":0},{"x":-7,"y":0},{"x":-8,"y":0},{"x":-9,"y":0},{"x":-10,"y":0},{"x":-11,"y":0},{"x":-12,"y":0},{"x":-13,"y":0},{"x":-14,"y":0},{"x":-15,"y":0},{"x":-16,"y":0},{"x":-17,"y":0},{"x":-18,"y":0},{"x":-19,"y":0},{"x":-20,"y":0},{"x":-21,"y":0},{"x":-22,"y":0},{"x":-23,"y":0},{"x":-24,"y":0},{"x":-25,"y":0},{"x":-26,"y":0},{"x":-27,"y":0},{"x":-28,"y":0},{"x":-28,"y":-1},{"x":-28,"y":-2},{"x":-28,"y":-3},{"x":-28,"y":-4},{"x":-28,"y":-5},{"x":-28,"y":-6},{"x":-28,"y":-7},{"x":-28,"y":-8},{"x":-28,"y":-9},{"x":-28,"y":-10},{"x":-28,"y":-11},{"x":-28,"y":-12},{"x":-28,"y":-13},{"x":-28,"y":-14},{"x":-28,"y":-15},{"x":-28,"y":-16},{"x":-28,"y":-17},{"x":-28,"y":-18},{"x":-28,"y":-19},{"x":-28,"y":-20},{"x":-28,"y":-21},{"x":-28,"y":-22},{"x":-28,"y":-23},{"x":-28,"y":-24},{"x":-28,"y":-25},{"x":-28,"y":-26},{"x":-28,"y":-27},{"x":-28,"y":-28},{"x":1,"y":0},{"x":2,"y":0},{"x":3,"y":0},{"x":4,"y":0},{"x":5,"y":0},{"x":6,"y":0},{"x":7,"y":0},{"x":8,"y":0},{"x":9,"y":0},{"x":10,"y":0},{"x":11,"y":0},{"x":12,"y":0},{"x":13,"y":0},{"x":14,"y":0},{"x":15,"y":0},{"x":16,"y":0},{"x":17,"y":0},{"x":18,"y":0},{"x":19,"y":0},{"x":20,"y":0},{"x":21,"y":0},{"x":22,"y":0},{"x":23,"y":0},{"x":24,"y":0},{"x":25,"y":0},{"x":26,"y":0},{"x":27,"y":0},{"x":28,"y":0},{"x":28,"y":1},{"x":28,"y":2},{"x":28,"y":3},{"x":28,"y":4},{"x":28,"y":5},{"x":28,"y":6},{"x":28,"y":7},{"x":28,"y":8},{"x":28,"y":9},{"x":28,"y":10},{"x":28,"y":11},{"x":28,"y":12},{"x":28,"y":13},{"x":28,"y":14},{"x":28,"y":15},{"x":28,"y":16},{"x":28,"y":17},{"x":28,"y":18},{"x":28,"y":19},{"x":28,"y":20},{"x":28,"y":21},{"x":28,"y":22},{"x":28,"y":23},{"x":28,"y":24},{"x":28,"y":25},{"x":28,"y":26},{"x":28,"y":27},{"x":28,"y":28},{"x":0,"y":-1},{"x":1,"y":-1},{"x":2,"y":-1},{"x":3,"y":-1},{"x":4,"y":-1},{"x":4,"y":-2},{"x":5,"y":-2},{"x":0,"y":-2},{"x":1,"y":-2},{"x":2,"y":-2},{"x":-1,"y":-1},{"x":-1,"y":-2},{"x":3,"y":1},{"x":4,"y":1},{"x":-4,"y":-1},{"x":-3,"y":-1},{"x":-3,"y":-2},{"x":-3,"y":1},{"x":-4,"y":1},{"x":0,"y":1},{"x":0,"y":2},{"x":1,"y":2},{"x":1,"y":3},{"x":0,"y":3},{"x":-1,"y":1},{"x":-1,"y":3},{"x":2,"y":3},{"x":2,"y":2},{"x":-1,"y":-3},{"x":0,"y":-3},{"x":-2,"y":-2},{"x":-1,"y":2},{"x":1,"y":1},{"x":2,"y":1},{"x":3,"y":2},{"x":-2,"y":2},{"x":-2,"y":1},{"x":-3,"y":2},{"x":-3,"y":3},{"x":-2,"y":3},{"x":6,"y":-1},{"x":5,"y":-1},{"x":-2,"y":-3},{"x":-2,"y":-1},{"x":-1,"y":4},{"x":-2,"y":4},{"x":-3,"y":4},{"x":-3,"y":5},{"x":-2,"y":5},{"x":0,"y":-4},{"x":0,"y":-5},{"x":-1,"y":5},{"x":-4,"y":3},{"x":-5,"y":1},{"x":-6,"y":1},{"x":-7,"y":1},{"x":-7,"y":2},{"x":-7,"y":-1},{"x":-8,"y":-1},{"x":2,"y":-3},{"x":-4,"y":-2},{"x":-4,"y":-3},{"x":-4,"y":-4},{"x":-5,"y":-4},{"x":1,"y":-3},{"x":2,"y":4},{"x":1,"y":4},{"x":-5,"y":2},{"x":-4,"y":4},{"x":-4,"y":5},{"x":-5,"y":5},{"x":-6,"y":5},{"x":-2,"y":-4},{"x":-1,"y":-4},{"x":-3,"y":-4},{"x":0,"y":4},{"x":1,"y":5},{"x":1,"y":-4},{"x":3,"y":3},{"x":-2,"y":6},{"x":-3,"y":6},{"x":4,"y":3},{"x":3,"y":-2},{"x":5,"y":1},{"x":5,"y":-3},{"x":4,"y":-3},{"x":0,"y":-6},{"x":-1,"y":-6},{"x":-1,"y":-5},{"x":-4,"y":2},{"x":-2,"y":-5},{"x":-2,"y":-6},{"x":-3,"y":-3},{"x":0,"y":5},{"x":0,"y":6},{"x":1,"y":6},{"x":-5,"y":-1},{"x":4,"y":2},{"x":3,"y":4},{"x":5,"y":2},{"x":-5,"y":3},{"x":-5,"y":4},{"x":5,"y":3},{"x":4,"y":4},{"x":5,"y":4},{"x":5,"y":5},{"x":3,"y":-3},{"x":3,"y":-4},{"x":2,"y":-4},{"x":7,"y":-1},{"x":-6,"y":-1},{"x":1,"y":-5},{"x":1,"y":-6},{"x":2,"y":5},{"x":3,"y":5},{"x":-1,"y":6},{"x":6,"y":-3},{"x":-5,"y":-2},{"x":-5,"y":-3},{"x":-6,"y":-3},{"x":1,"y":-7},{"x":6,"y":-2},{"x":6,"y":1},{"x":-3,"y":-6},{"x":-3,"y":-5},{"x":3,"y":-5},{"x":3,"y":-6},{"x":6,"y":2},{"x":7,"y":1},{"x":2,"y":6},{"x":2,"y":7},{"x":1,"y":7},{"x":0,"y":7},{"x":5,"y":-4},{"x":-6,"y":-2},{"x":-6,"y":2},{"x":-6,"y":3},{"x":-7,"y":3},{"x":-8,"y":2},{"x":-8,"y":1},{"x":4,"y":5},{"x":4,"y":-5},{"x":2,"y":-7},{"x":-2,"y":-7},{"x":2,"y":-5},{"x":-4,"y":-5},{"x":-5,"y":-5},{"x":-5,"y":-6},{"x":4,"y":-4},{"x":4,"y":-6},{"x":5,"y":-6},{"x":6,"y":-6},{"x":6,"y":-7},{"x":-7,"y":-2},{"x":-7,"y":-3},{"x":-8,"y":-3},{"x":-1,"y":-7},{"x":-3,"y":-7},{"x":-3,"y":-8},{"x":-3,"y":-9},{"x":-3,"y":-10},{"x":-2,"y":-9},{"x":3,"y":6},{"x":4,"y":6},{"x":-4,"y":6},{"x":-3,"y":7},{"x":-4,"y":7},{"x":-2,"y":7},{"x":-4,"y":-6},{"x":-8,"y":3},{"x":-8,"y":4},{"x":-7,"y":4},{"x":6,"y":3},{"x":6,"y":4},{"x":-2,"y":-8},{"x":-4,"y":-7},{"x":0,"y":-7},{"x":3,"y":7},{"x":-1,"y":7},{"x":-2,"y":8},{"x":1,"y":-8},{"x":2,"y":-8},{"x":7,"y":2},{"x":-6,"y":-4},{"x":-7,"y":-4},{"x":-1,"y":8},{"x":-6,"y":4},{"x":-3,"y":8},{"x":2,"y":-6},{"x":2,"y":8},{"x":1,"y":8},{"x":0,"y":8},{"x":5,"y":-5},{"x":3,"y":-7},{"x":3,"y":-8},{"x":-5,"y":6},{"x":7,"y":-2},{"x":5,"y":6},{"x":6,"y":6},{"x":6,"y":5},{"x":6,"y":-5},{"x":0,"y":-8},{"x":-6,"y":-5},{"x":6,"y":-4},{"x":7,"y":-3},{"x":4,"y":-7},{"x":8,"y":1},{"x":7,"y":3},{"x":7,"y":4},{"x":0,"y":9},{"x":1,"y":9},{"x":2,"y":9},{"x":3,"y":8},{"x":8,"y":-3},{"x":8,"y":3},{"x":9,"y":3},{"x":8,"y":-1},{"x":8,"y":-2},{"x":-8,"y":-2},{"x":9,"y":-1},{"x":9,"y":-2},{"x":-1,"y":-8},{"x":-9,"y":-2},{"x":4,"y":7},{"x":5,"y":7},{"x":5,"y":8},{"x":-8,"y":5},{"x":7,"y":-4},{"x":8,"y":-4},{"x":8,"y":-5},{"x":1,"y":-9},{"x":1,"y":-10},{"x":6,"y":7},{"x":-1,"y":-9},{"x":8,"y":2},{"x":9,"y":2},{"x":2,"y":-9},{"x":0,"y":-9},{"x":-8,"y":-4},{"x":-9,"y":-4},{"x":4,"y":-8},{"x":5,"y":-8},{"x":5,"y":-7},{"x":28,"y":-1},{"x":29,"y":-1},{"x":29,"y":-2},{"x":30,"y":-2},{"x":31,"y":-2},{"x":32,"y":-2},{"x":33,"y":-2},{"x":34,"y":-2},{"x":35,"y":-2},{"x":36,"y":-2},{"x":29,"y":2},{"x":29,"y":0},{"x":28,"y":-2},{"x":29,"y":1},{"x":30,"y":0},{"x":27,"y":-1},{"x":27,"y":-2},{"x":28,"y":-3},{"x":29,"y":-3},{"x":30,"y":2},{"x":30,"y":3},{"x":31,"y":3},{"x":26,"y":1},{"x":25,"y":1},{"x":24,"y":1},{"x":25,"y":-1},{"x":29,"y":3},{"x":30,"y":-1},{"x":31,"y":-3},{"x":31,"y":-4},{"x":32,"y":-4},{"x":27,"y":-3},{"x":26,"y":-1},{"x":26,"y":2},{"x":25,"y":-2},{"x":26,"y":-2},{"x":26,"y":-3},{"x":27,"y":2},{"x":27,"y":3},{"x":27,"y":1},{"x":24,"y":-2},{"x":31,"y":0},{"x":31,"y":1},{"x":31,"y":2},{"x":32,"y":1},{"x":32,"y":2},{"x":32,"y":0},{"x":32,"y":-1},{"x":30,"y":1},{"x":25,"y":-3},{"x":25,"y":-4},{"x":25,"y":-5},{"x":26,"y":-4},{"x":29,"y":-4},{"x":30,"y":-4},{"x":22,"y":1},{"x":30,"y":-3},{"x":24,"y":-1},{"x":29,"y":4},{"x":27,"y":4},{"x":31,"y":-1},{"x":25,"y":2},{"x":26,"y":3},{"x":25,"y":3},{"x":25,"y":4},{"x":26,"y":4},{"x":27,"y":-4},{"x":26,"y":-5},{"x":28,"y":-4},{"x":30,"y":4},{"x":27,"y":5},{"x":27,"y":6},{"x":27,"y":7},{"x":31,"y":-5},{"x":33,"y":0},{"x":33,"y":1},{"x":33,"y":2},{"x":24,"y":-3},{"x":23,"y":-3},{"x":28,"y":-5},{"x":29,"y":-5},{"x":34,"y":-1},{"x":23,"y":1},{"x":23,"y":2},{"x":24,"y":2},{"x":29,"y":5},{"x":29,"y":6},{"x":30,"y":6},{"x":23,"y":-1},{"x":22,"y":-1},{"x":33,"y":-1},{"x":27,"y":-5},{"x":30,"y":-5},{"x":23,"y":-2},{"x":32,"y":-3},{"x":33,"y":-3},{"x":22,"y":-2},{"x":22,"y":-3},{"x":33,"y":-4},{"x":32,"y":3},{"x":33,"y":3},{"x":26,"y":5},{"x":26,"y":6},{"x":26,"y":7},{"x":25,"y":7},{"x":24,"y":-4},{"x":24,"y":4},{"x":34,"y":0},{"x":28,"y":-6},{"x":24,"y":3},{"x":31,"y":4},{"x":31,"y":5},{"x":31,"y":6},{"x":32,"y":6},{"x":23,"y":3},{"x":29,"y":7},{"x":24,"y":-5},{"x":32,"y":5},{"x":33,"y":5},{"x":27,"y":-6},{"x":27,"y":-7},{"x":30,"y":-6},{"x":30,"y":-7},{"x":30,"y":-8},{"x":25,"y":5},{"x":22,"y":3},{"x":21,"y":1},{"x":22,"y":2},{"x":21,"y":-3},{"x":23,"y":-4},{"x":23,"y":-5},{"x":32,"y":-5},{"x":33,"y":-5},{"x":34,"y":1},{"x":35,"y":1},{"x":36,"y":1},{"x":37,"y":1},{"x":22,"y":-4},{"x":30,"y":5},{"x":32,"y":4},{"x":29,"y":-6},{"x":21,"y":2},{"x":26,"y":-6},{"x":26,"y":-7},{"x":25,"y":-7},{"x":25,"y":-6},{"x":33,"y":4},{"x":34,"y":2},{"x":35,"y":2},{"x":36,"y":2},{"x":29,"y":-7},{"x":29,"y":-8},{"x":28,"y":-8},{"x":24,"y":5},{"x":35,"y":0},{"x":35,"y":-1},{"x":36,"y":0},{"x":21,"y":3},{"x":34,"y":3},{"x":35,"y":3},{"x":25,"y":6},{"x":24,"y":-6},{"x":34,"y":-3},{"x":34,"y":-4},{"x":26,"y":8},{"x":20,"y":1},{"x":24,"y":6},{"x":28,"y":-7},{"x":31,"y":-6},{"x":29,"y":8},{"x":30,"y":8},{"x":31,"y":7},{"x":23,"y":4},{"x":22,"y":4},{"x":34,"y":4},{"x":21,"y":-2},{"x":20,"y":-2},{"x":23,"y":5},{"x":21,"y":-1},{"x":-27,"y":1},{"x":-28,"y":1},{"x":-28,"y":2},{"x":-28,"y":3},{"x":-27,"y":2},{"x":-27,"y":3},{"x":-27,"y":4},{"x":-27,"y":5},{"x":-26,"y":5},{"x":-26,"y":6},{"x":-27,"y":6},{"x":-27,"y":7},{"x":-29,"y":0},{"x":-26,"y":2},{"x":-26,"y":1},{"x":-26,"y":3},{"x":-25,"y":3},{"x":-25,"y":4},{"x":-25,"y":5},{"x":-25,"y":6},{"x":-24,"y":6},{"x":-23,"y":6},{"x":-27,"y":-2},{"x":-27,"y":-3},{"x":-29,"y":2},{"x":-30,"y":2},{"x":-31,"y":2},{"x":-32,"y":2},{"x":-33,"y":2},{"x":-34,"y":2},{"x":-33,"y":3},{"x":-32,"y":3},{"x":-31,"y":3},{"x":-29,"y":-1},{"x":-29,"y":-2},{"x":-29,"y":-3},{"x":-30,"y":-2},{"x":-30,"y":-3},{"x":-31,"y":-3},{"x":-31,"y":-2},{"x":-32,"y":-2},{"x":-33,"y":-2},{"x":-25,"y":2},{"x":-24,"y":2},{"x":-24,"y":3},{"x":-23,"y":3},{"x":-29,"y":3},{"x":-28,"y":4},{"x":-30,"y":3},{"x":-25,"y":1},{"x":-27,"y":-1},{"x":-26,"y":-1},{"x":-24,"y":-1},{"x":-29,"y":1},{"x":-30,"y":1},{"x":-29,"y":4},{"x":-32,"y":-3},{"x":-32,"y":-4},{"x":-30,"y":-1},{"x":-24,"y":1},{"x":-29,"y":5},{"x":-30,"y":5},{"x":-31,"y":5},{"x":-32,"y":5},{"x":-32,"y":6},{"x":-25,"y":-1},{"x":-30,"y":0},{"x":-31,"y":6},{"x":-30,"y":6},{"x":-29,"y":6},{"x":-28,"y":5},{"x":-26,"y":-2},{"x":-25,"y":-2},{"x":-24,"y":-2},{"x":-31,"y":-1},{"x":-33,"y":-1},{"x":-32,"y":-1},{"x":-29,"y":-4},{"x":-26,"y":-3},{"x":-23,"y":-1},{"x":-23,"y":-2},{"x":-23,"y":-3},{"x":-24,"y":-3},{"x":-25,"y":-3},{"x":-25,"y":-4},{"x":-22,"y":-1},{"x":-31,"y":0},{"x":-32,"y":0},{"x":-26,"y":-4},{"x":-26,"y":-5},{"x":-26,"y":-6},{"x":-27,"y":-5},{"x":-27,"y":-4},{"x":-28,"y":6},{"x":-31,"y":-4},{"x":-31,"y":-5},{"x":-31,"y":-6},{"x":-32,"y":-6},{"x":-32,"y":-5},{"x":-30,"y":-5},{"x":-31,"y":1},{"x":-33,"y":0},{"x":-33,"y":1},{"x":-29,"y":-5},{"x":-32,"y":1},{"x":-27,"y":-6},{"x":-27,"y":-7},{"x":-25,"y":-6},{"x":-30,"y":4},{"x":-23,"y":1},{"x":-25,"y":-5},{"x":-24,"y":-6},{"x":-30,"y":7},{"x":-30,"y":8},{"x":-31,"y":8},{"x":-31,"y":7},{"x":-31,"y":4},{"x":-30,"y":-4},{"x":-30,"y":-6},{"x":-29,"y":-6},{"x":-29,"y":-7},{"x":-29,"y":-8},{"x":-22,"y":-2},{"x":-26,"y":7},{"x":-34,"y":1},{"x":-34,"y":3},{"x":-33,"y":4},{"x":-32,"y":4},{"x":-33,"y":5},{"x":-34,"y":5},{"x":-26,"y":4},{"x":-21,"y":-1},{"x":-20,"y":-1},{"x":-33,"y":-4},{"x":-34,"y":-4},{"x":-23,"y":2},{"x":-32,"y":7},{"x":-33,"y":7},{"x":-34,"y":7},{"x":-24,"y":-5},{"x":-23,"y":-5},{"x":-23,"y":-4},{"x":-33,"y":-5},{"x":-34,"y":-5},{"x":-22,"y":1},{"x":-22,"y":-3},{"x":-22,"y":-4},{"x":-21,"y":-4},{"x":-24,"y":4},{"x":-24,"y":5},{"x":-23,"y":5},{"x":-24,"y":-4},{"x":-29,"y":7},{"x":-23,"y":4},{"x":-22,"y":2},{"x":-22,"y":3},{"x":-33,"y":-3},{"x":-34,"y":-2},{"x":-30,"y":-7},{"x":-24,"y":7},{"x":-25,"y":7},{"x":-25,"y":8},{"x":-21,"y":1},{"x":-34,"y":-3},{"x":-24,"y":-7},{"x":-24,"y":-8},{"x":-24,"y":-9},{"x":-35,"y":1},{"x":-35,"y":2},{"x":-34,"y":0},{"x":-35,"y":0},{"x":-31,"y":-7},{"x":-30,"y":-8},{"x":-29,"y":-9},{"x":-29,"y":-10},{"x":-21,"y":2},{"x":-23,"y":-6},{"x":-28,"y":7},{"x":-29,"y":8},{"x":-20,"y":1},{"x":-35,"y":-2},{"x":-21,"y":-2},{"x":-35,"y":-4},{"x":-35,"y":-3},{"x":-35,"y":-1},{"x":-34,"y":-1},{"x":-32,"y":-7},{"x":-36,"y":1},{"x":-33,"y":-6},{"x":-22,"y":5},{"x":-22,"y":4},{"x":-21,"y":-3},{"x":-35,"y":3},{"x":-36,"y":-3},{"x":-36,"y":-2},{"x":-36,"y":-1},{"x":-34,"y":4},{"x":-35,"y":4},{"x":-36,"y":4},{"x":-24,"y":8},{"x":-23,"y":8},{"x":-33,"y":-7},{"x":-27,"y":8},{"x":-33,"y":6},{"x":-27,"y":-8},{"x":-36,"y":0},{"x":-26,"y":-7},{"x":-25,"y":-7},{"x":-25,"y":-8},{"x":-22,"y":-5},{"x":-36,"y":2},{"x":-36,"y":3},{"x":-22,"y":6},{"x":-36,"y":-4},{"x":-23,"y":-7},{"x":-23,"y":-8},{"x":-32,"y":-8},{"x":-33,"y":-8},{"x":-31,"y":-8},{"x":-35,"y":5},{"x":-35,"y":6},{"x":-20,"y":-2},{"x":-34,"y":6},{"x":-20,"y":-3},{"x":-29,"y":9},{"x":-21,"y":3},{"x":-21,"y":4},{"x":-21,"y":5},{"x":-25,"y":-9},{"x":-34,"y":-7},{"x":-20,"y":3},{"x":-21,"y":6},{"x":-33,"y":8},{"x":-35,"y":-5},{"x":-23,"y":7},{"x":-22,"y":-6},{"x":-28,"y":8},{"x":-37,"y":1},{"x":-38,"y":1},{"x":-38,"y":0},{"x":-39,"y":0},{"x":-19,"y":-1},{"x":-18,"y":-1},{"x":27,"y":28},{"x":27,"y":29},{"x":26,"y":29},{"x":26,"y":30},{"x":25,"y":30},{"x":25,"y":29},{"x":25,"y":28},{"x":26,"y":28},{"x":26,"y":27},{"x":27,"y":27},{"x":27,"y":26},{"x":27,"y":25},{"x":26,"y":25},{"x":26,"y":24},{"x":29,"y":28},{"x":29,"y":29},{"x":30,"y":29},{"x":31,"y":29},{"x":31,"y":28},{"x":32,"y":28},{"x":29,"y":27},{"x":28,"y":29},{"x":30,"y":28},{"x":31,"y":30},{"x":31,"y":31},{"x":30,"y":31},{"x":28,"y":30},{"x":29,"y":30},{"x":30,"y":30},{"x":28,"y":31},{"x":28,"y":32},{"x":26,"y":26},{"x":27,"y":24},{"x":27,"y":23},{"x":25,"y":27},{"x":25,"y":26},{"x":30,"y":27},{"x":31,"y":27},{"x":31,"y":26},{"x":32,"y":26},{"x":29,"y":31},{"x":32,"y":29},{"x":27,"y":30},{"x":27,"y":31},{"x":30,"y":26},{"x":30,"y":25},{"x":30,"y":24},{"x":26,"y":23},{"x":32,"y":27},{"x":29,"y":26},{"x":29,"y":25},{"x":31,"y":25},{"x":29,"y":32},{"x":29,"y":33},{"x":30,"y":33},{"x":30,"y":32},{"x":24,"y":27},{"x":23,"y":27},{"x":27,"y":32},{"x":27,"y":33},{"x":28,"y":33},{"x":27,"y":34},{"x":26,"y":34},{"x":26,"y":31},{"x":25,"y":31},{"x":24,"y":31},{"x":24,"y":30},{"x":32,"y":30},{"x":32,"y":31},{"x":26,"y":32},{"x":24,"y":32},{"x":24,"y":28},{"x":23,"y":28},{"x":22,"y":28},{"x":31,"y":24},{"x":31,"y":23},{"x":23,"y":26},{"x":22,"y":26},{"x":33,"y":28},{"x":33,"y":29},{"x":23,"y":31},{"x":25,"y":25},{"x":33,"y":27},{"x":33,"y":26},{"x":24,"y":29},{"x":23,"y":30},{"x":31,"y":33},{"x":25,"y":32},{"x":25,"y":33},{"x":33,"y":30},{"x":29,"y":24},{"x":29,"y":23},{"x":32,"y":24},{"x":24,"y":26},{"x":24,"y":25},{"x":23,"y":25},{"x":23,"y":24},{"x":31,"y":32},{"x":32,"y":32},{"x":30,"y":23},{"x":25,"y":24},{"x":24,"y":24},{"x":33,"y":25},{"x":27,"y":22},{"x":29,"y":22},{"x":26,"y":22},{"x":22,"y":27},{"x":29,"y":34},{"x":30,"y":34},{"x":31,"y":34},{"x":31,"y":35},{"x":34,"y":27},{"x":32,"y":25},{"x":23,"y":29},{"x":28,"y":34},{"x":26,"y":33},{"x":34,"y":28},{"x":35,"y":28},{"x":35,"y":29},{"x":36,"y":28},{"x":34,"y":30},{"x":29,"y":35},{"x":35,"y":30},{"x":34,"y":25},{"x":34,"y":24},{"x":34,"y":29},{"x":33,"y":31},{"x":28,"y":35},{"x":28,"y":36},{"x":30,"y":22},{"x":30,"y":21},{"x":31,"y":21},{"x":35,"y":27},{"x":27,"y":21},{"x":25,"y":23},{"x":33,"y":24},{"x":32,"y":33},{"x":31,"y":22},{"x":34,"y":31},{"x":24,"y":23},{"x":29,"y":21},{"x":24,"y":33},{"x":35,"y":31},{"x":22,"y":30},{"x":22,"y":29},{"x":21,"y":29},{"x":33,"y":32},{"x":33,"y":33},{"x":25,"y":22},{"x":25,"y":21},{"x":27,"y":35},{"x":35,"y":25},{"x":24,"y":22},{"x":34,"y":26},{"x":21,"y":30},{"x":21,"y":31},{"x":25,"y":34},{"x":24,"y":34},{"x":32,"y":23},{"x":32,"y":34},{"x":26,"y":35},{"x":22,"y":31},{"x":23,"y":32},{"x":34,"y":32},{"x":25,"y":35},{"x":21,"y":27},{"x":21,"y":28},{"x":30,"y":35},{"x":35,"y":26},{"x":23,"y":33},{"x":28,"y":37},{"x":28,"y":38},{"x":20,"y":30},{"x":22,"y":25},{"x":21,"y":25},{"x":-28,"y":-29},{"x":-29,"y":-29},{"x":-30,"y":-29},{"x":-30,"y":-28},{"x":-30,"y":-30},{"x":-31,"y":-30},{"x":-29,"y":-28},{"x":-29,"y":-27},{"x":-27,"y":-26},{"x":-26,"y":-26},{"x":-27,"y":-25},{"x":-30,"y":-27},{"x":-31,"y":-27},{"x":-31,"y":-28},{"x":-32,"y":-28},{"x":-32,"y":-27},{"x":-32,"y":-26},{"x":-33,"y":-26},{"x":-34,"y":-26},{"x":-34,"y":-27},{"x":-34,"y":-28},{"x":-34,"y":-29},{"x":-33,"y":-29},{"x":-32,"y":-29},{"x":-28,"y":-30},{"x":-27,"y":-29},{"x":-26,"y":-29},{"x":-26,"y":-30},{"x":-27,"y":-30},{"x":-27,"y":-31},{"x":-26,"y":-31},{"x":-25,"y":-31},{"x":-25,"y":-30},{"x":-24,"y":-31},{"x":-25,"y":-32},{"x":-24,"y":-32},{"x":-26,"y":-32},{"x":-26,"y":-33},{"x":-25,"y":-33},{"x":-24,"y":-33},{"x":-33,"y":-28},{"x":-34,"y":-30},{"x":-34,"y":-31},{"x":-27,"y":-28},{"x":-26,"y":-28},{"x":-26,"y":-27},{"x":-25,"y":-27},{"x":-27,"y":-27},{"x":-29,"y":-26},{"x":-30,"y":-26},{"x":-31,"y":-26},{"x":-31,"y":-25},{"x":-31,"y":-24},{"x":-29,"y":-23},{"x":-29,"y":-22},{"x":-29,"y":-21},{"x":-30,"y":-21},{"x":-30,"y":-20},{"x":-31,"y":-20},{"x":-32,"y":-20},{"x":-31,"y":-21},{"x":-30,"y":-22},{"x":-29,"y":-30},{"x":-29,"y":-31},{"x":-28,"y":-31},{"x":-28,"y":-32},{"x":-27,"y":-32},{"x":-28,"y":-33},{"x":-28,"y":-34},{"x":-28,"y":-35},{"x":-28,"y":-36},{"x":-27,"y":-36},{"x":-27,"y":-37},{"x":-26,"y":-36},{"x":-28,"y":-37},{"x":-25,"y":-28},{"x":-25,"y":-26},{"x":-26,"y":-25},{"x":-30,"y":-31},{"x":-31,"y":-31},{"x":-29,"y":-32},{"x":-30,"y":-32},{"x":-25,"y":-34},{"x":-26,"y":-34},{"x":-23,"y":-32},{"x":-31,"y":-32},{"x":-32,"y":-32},{"x":-32,"y":-33},{"x":-31,"y":-33},{"x":-31,"y":-34},{"x":-31,"y":-35},{"x":-30,"y":-35},{"x":-30,"y":-36},{"x":-32,"y":-34},{"x":-30,"y":-34},{"x":-30,"y":-33},{"x":-29,"y":-33},{"x":-31,"y":-29},{"x":-33,"y":-27},{"x":-24,"y":-26},{"x":-23,"y":-26},{"x":-22,"y":-26},{"x":-22,"y":-27},{"x":-21,"y":-27},{"x":-21,"y":-26},{"x":-21,"y":-25},{"x":-21,"y":-24},{"x":-22,"y":-24},{"x":-22,"y":-25},{"x":-22,"y":-28},{"x":-21,"y":-28},{"x":-26,"y":-24},{"x":-25,"y":-24},{"x":-35,"y":-26},{"x":-35,"y":-27},{"x":-35,"y":-28},{"x":-34,"y":-25},{"x":-34,"y":-24},{"x":-34,"y":-23},{"x":-35,"y":-23},{"x":-35,"y":-24},{"x":-33,"y":-24},{"x":-32,"y":-24},{"x":-33,"y":-25},{"x":-27,"y":-33},{"x":-29,"y":-25},{"x":-30,"y":-25},{"x":-32,"y":-25},{"x":-32,"y":-23},{"x":-31,"y":-23},{"x":-30,"y":-23},{"x":-32,"y":-31},{"x":-29,"y":-34},{"x":-32,"y":-30},{"x":-31,"y":-36},{"x":-31,"y":-37},{"x":-31,"y":-38},{"x":-32,"y":-36},{"x":-32,"y":-35},{"x":-27,"y":-24},{"x":-27,"y":-23},{"x":-26,"y":-23},{"x":-31,"y":-22},{"x":-29,"y":-20},{"x":-23,"y":-33},{"x":-22,"y":-33},{"x":-22,"y":-34},{"x":-21,"y":-34},{"x":-22,"y":-35},{"x":-20,"y":-34},{"x":-23,"y":-34},{"x":-25,"y":-29},{"x":-24,"y":-29},{"x":-24,"y":-30},{"x":-23,"y":-30},{"x":-23,"y":-29},{"x":-23,"y":-28},{"x":-22,"y":-29},{"x":-24,"y":-28},{"x":-26,"y":-22},{"x":-27,"y":-22},{"x":-27,"y":-21},{"x":-26,"y":-21},{"x":-24,"y":-27},{"x":-24,"y":-25},{"x":-22,"y":-30},{"x":-22,"y":-31},{"x":-22,"y":-32},{"x":-23,"y":-31},{"x":-33,"y":-30},{"x":-25,"y":-23},{"x":-24,"y":-23},{"x":-24,"y":-24},{"x":-23,"y":-25},{"x":-25,"y":-25},{"x":-29,"y":-24},{"x":-36,"y":-28},{"x":-36,"y":-29},{"x":-37,"y":-29},{"x":-38,"y":-29},{"x":-38,"y":-28},{"x":-37,"y":-28},{"x":-37,"y":-30},{"x":-37,"y":-31},{"x":-38,"y":-31},{"x":-23,"y":-24},{"x":-25,"y":-22},{"x":-25,"y":-35},{"x":-26,"y":-35},{"x":-23,"y":-27},{"x":-27,"y":-34},{"x":-30,"y":-24},{"x":-32,"y":-21},{"x":-33,"y":-21},{"x":-33,"y":-20},{"x":-23,"y":-23},{"x":-36,"y":-24},{"x":-37,"y":-24},{"x":-30,"y":-19},{"x":-29,"y":-19},{"x":-21,"y":-33},{"x":-21,"y":-35},{"x":-32,"y":-22},{"x":-20,"y":-28},{"x":-20,"y":-27},{"x":-19,"y":-27},{"x":-19,"y":-28},{"x":-33,"y":-31},{"x":-38,"y":-30},{"x":-39,"y":-30},{"x":-40,"y":-30},{"x":-41,"y":-30},{"x":-35,"y":-29},{"x":-35,"y":-30},{"x":-35,"y":-31},{"x":-36,"y":-30},{"x":-21,"y":-31},{"x":-21,"y":-30},{"x":-33,"y":-23},{"x":-29,"y":-35},{"x":-34,"y":-22},{"x":-33,"y":-22},{"x":-33,"y":-19},{"x":-34,"y":-19},{"x":-34,"y":-18},{"x":-34,"y":-17},{"x":-24,"y":-22},{"x":-23,"y":-22},{"x":-33,"y":-32},{"x":-20,"y":-26},{"x":-19,"y":-26},{"x":-19,"y":-25},{"x":-18,"y":-25},{"x":-18,"y":-26},{"x":-29,"y":-36},{"x":-29,"y":-37},{"x":-32,"y":-37},{"x":-32,"y":-38},{"x":-33,"y":-38},{"x":-19,"y":-29},{"x":-22,"y":-23},{"x":-21,"y":-23},{"x":-20,"y":-23},{"x":-27,"y":-35},{"x":-27,"y":-20},{"x":-26,"y":-20},{"x":-25,"y":-20},{"x":-33,"y":-33},{"x":-33,"y":-34},{"x":-33,"y":-35},{"x":-33,"y":-36},{"x":-26,"y":-37},{"x":-25,"y":-37},{"x":-25,"y":-36},{"x":-24,"y":-35},{"x":-24,"y":-36},{"x":-34,"y":-21},{"x":-35,"y":-25},{"x":-36,"y":-27},{"x":-37,"y":-27},{"x":-38,"y":-27},{"x":-32,"y":-19},{"x":-33,"y":-18},{"x":-33,"y":-17},{"x":-32,"y":-17},{"x":-32,"y":-16},{"x":-32,"y":-15},{"x":-21,"y":-29},{"x":-20,"y":-29},{"x":-36,"y":-31},{"x":-25,"y":-21},{"x":-25,"y":-19},{"x":-24,"y":-19},{"x":-23,"y":-21},{"x":-36,"y":-25},{"x":-36,"y":-26},{"x":-37,"y":-26},{"x":-34,"y":-32},{"x":-34,"y":-33},{"x":-34,"y":-34},{"x":-26,"y":-19},{"x":-26,"y":-18},{"x":-27,"y":-18},{"x":-20,"y":-24},{"x":-23,"y":-35},{"x":-22,"y":-36},{"x":-22,"y":-37},{"x":-21,"y":-36},{"x":-30,"y":-37},{"x":-39,"y":-28},{"x":-40,"y":-28},{"x":-31,"y":-19},{"x":-35,"y":-32},{"x":-22,"y":-22},{"x":-22,"y":-21},{"x":-35,"y":-33},{"x":-35,"y":-34},{"x":-35,"y":-35},{"x":-34,"y":-35},{"x":-24,"y":-34},{"x":-24,"y":-21},{"x":-35,"y":-22},{"x":-29,"y":-18},{"x":-29,"y":-17},{"x":-30,"y":-17},{"x":-24,"y":-20},{"x":-39,"y":-29},{"x":-36,"y":-23},{"x":-36,"y":-22},{"x":-36,"y":-21},{"x":-37,"y":-21},{"x":-37,"y":-20},{"x":-38,"y":-20},{"x":-37,"y":-19},{"x":-37,"y":-18},{"x":-27,"y":-38},{"x":-26,"y":-38},{"x":-28,"y":-38},{"x":-29,"y":-38},{"x":-30,"y":-38},{"x":-30,"y":-39},{"x":-31,"y":-39},{"x":-32,"y":-39},{"x":-34,"y":-20},{"x":-23,"y":-36},{"x":-24,"y":-37},{"x":-24,"y":-38},{"x":-24,"y":-39},{"x":-21,"y":-21},{"x":-20,"y":-21},{"x":-23,"y":-20},{"x":-19,"y":-30},{"x":-19,"y":-31},{"x":-20,"y":-31},{"x":-20,"y":-32},{"x":-19,"y":-32},{"x":-20,"y":-25},{"x":-31,"y":-18},{"x":-30,"y":-18},{"x":-27,"y":-19},{"x":-21,"y":-32},{"x":-20,"y":-30},{"x":-18,"y":-30},{"x":-18,"y":-29},{"x":-17,"y":-29},{"x":-16,"y":-29},{"x":-16,"y":-30},{"x":-16,"y":-31},{"x":-17,"y":-31},{"x":-19,"y":-24},{"x":-19,"y":-23},{"x":-18,"y":-23},{"x":-39,"y":-27},{"x":-40,"y":-27},{"x":-40,"y":-26},{"x":-41,"y":-26},{"x":-37,"y":-32},{"x":-36,"y":-32},{"x":-36,"y":-35},{"x":-36,"y":-36},{"x":-20,"y":-33},{"x":-21,"y":-22},{"x":-18,"y":-28},{"x":-18,"y":-27},{"x":-17,"y":-27},{"x":-17,"y":-26},{"x":-17,"y":-25},{"x":-17,"y":-24},{"x":-17,"y":-23},{"x":-16,"y":-23},{"x":-37,"y":-25},{"x":-38,"y":-25},{"x":-17,"y":-28},{"x":-38,"y":-26},{"x":-22,"y":-20},{"x":-21,"y":-37},{"x":-37,"y":-22},{"x":-36,"y":-33},{"x":-37,"y":-33},{"x":-37,"y":-34},{"x":-38,"y":-33},{"x":-34,"y":-36},{"x":-33,"y":-39},{"x":-20,"y":-22},{"x":-23,"y":-19},{"x":-23,"y":-18},{"x":-23,"y":-17},{"x":-22,"y":-17},{"x":-22,"y":-16},{"x":-22,"y":-15},{"x":-37,"y":-23},{"x":-35,"y":-36},{"x":-31,"y":-17},{"x":-25,"y":-18},{"x":-24,"y":-18},{"x":-25,"y":-38},{"x":-19,"y":-33},{"x":-19,"y":-34},{"x":-35,"y":-21},{"x":-35,"y":-20},{"x":-36,"y":-20},{"x":-18,"y":-31},{"x":-18,"y":-24},{"x":-18,"y":-22},{"x":-18,"y":-21},{"x":-25,"y":-39},{"x":-39,"y":-31},{"x":-33,"y":-37},{"x":-37,"y":-35},{"x":-38,"y":-35},{"x":-38,"y":-36},{"x":-39,"y":-36},{"x":-39,"y":-35},{"x":-40,"y":-35},{"x":-21,"y":-20},{"x":-36,"y":-34},{"x":-22,"y":-19},{"x":-27,"y":-39},{"x":-26,"y":-39},{"x":-19,"y":-22},{"x":-16,"y":-28},{"x":-16,"y":-27},{"x":-26,"y":-17},{"x":-27,"y":-17},{"x":-38,"y":-23},{"x":-38,"y":-22},{"x":-38,"y":-21},{"x":-39,"y":-20},{"x":-17,"y":-30},{"x":-39,"y":-25},{"x":-32,"y":-18},{"x":-23,"y":-38},{"x":-38,"y":-24},{"x":-39,"y":-24},{"x":-40,"y":-24},{"x":-27,"y":-16},{"x":-38,"y":-32},{"x":-20,"y":-35},{"x":-18,"y":-32},{"x":-18,"y":-33},{"x":-18,"y":-34},{"x":-19,"y":-35},{"x":-18,"y":-35},{"x":-26,"y":-16},{"x":-29,"y":-16},{"x":-28,"y":-39},{"x":-39,"y":-26},{"x":-40,"y":-25},{"x":-41,"y":-25},{"x":-41,"y":-24},{"x":-21,"y":-19},{"x":-29,"y":-39},{"x":-30,"y":-40},{"x":-31,"y":-40},{"x":-27,"y":-40},{"x":-40,"y":-31},{"x":-39,"y":-32},{"x":-40,"y":-32},{"x":-40,"y":-33},{"x":-20,"y":-20},{"x":-20,"y":-19},{"x":-19,"y":-20},{"x":-18,"y":-20},{"x":-18,"y":-19},{"x":-35,"y":-19},{"x":-23,"y":-37},{"x":-17,"y":-32},{"x":-16,"y":-32},{"x":-16,"y":-33},{"x":-35,"y":-18},{"x":-34,"y":-39},{"x":-33,"y":-40},{"x":-33,"y":-41},{"x":-41,"y":-31},{"x":-41,"y":-32},{"x":-29,"y":-40},{"x":-29,"y":-41},{"x":-23,"y":-39},{"x":-23,"y":-40}],"theme":"Dungeon"}